id,title,company,application_url,work_arrangement,locations,deadline,is_archived
00000000-0000-4000-8000-000000000001,Finance Intern,Example Capital,https://example.com/capital,hybrid,"[""New York, NY"", ""Boston, MA""]",2026-10-16,false
00000000-0000-4000-8000-000000000002,Marketing Intern,Example Studio,https://example.com/studio,remote,[],2026-11-01,false
00000000-0000-4000-8000-000000000003,Operations Intern,Example Logistics,https://example.com/logistics,in-person,"[""Philadelphia, PA""]",,false
00000000-0000-4000-8000-000000000004,Business Analytics Intern,Example Capital,https://example.com/capital,hybrid,"[""New York, NY""]",2026-10-16,false
00000000-0000-4000-8000-000000000005,Research Intern,Example Research,https://example.com/research,remote,"[""United States""]",,false
00000000-0000-4000-8000-000000000006,Expired Accounting Intern,Example Accounting,https://example.com/accounting,in-person,"[""Chicago, IL""]",2026-10-01,false
00000000-0000-4000-8000-000000000007,Archived Consulting Intern,Example Consulting,https://example.com/consulting,hybrid,"[""Boston, MA""]",2026-12-01,true
00000000-0000-4000-8000-000000000008,Sales Intern,Example Sales,https://example.com/sales,in-person,[],2026-10-02,false
00000000-0000-4000-8000-000000000009,Strategy Intern,Example Strategy,https://example.com/strategy,hybrid,"[""Atlanta, GA"", ""Charlotte, NC""]",2026-10-03,false
